zipcode,total_art_gallery,total_atm,total_bakery,total_bar,total_beauty_salon,total_bicycle_store,total_book_store,total_cafe,total_car_dealer,total_car_repair,total_car_wash,total_clothing_store,total_convenience_store,total_department_store,total_drugstore,total_electronics_store,total_finance,total_florist,total_food,total_funeral_home,total_furniture_store,total_gas_station,total_general_contractor,total_grocery_or_supermarket,total_hair_care,total_hardware_store,total_health,total_home_goods_store,total_jewelry_store,total_laundry,total_liquor_store,total_local_government_office,total_locksmith,total_lodging,total_meal_delivery,total_meal_takeaway,total_movie_rental,total_night_club,total_park,total_parking,total_pet_store,total_pharmacy,total_restaurant,total_school,total_shoe_store,total_shopping_mall,total_spa,total_storage,total_store,total_supermarket,total_tourist_attraction,total_travel_agency,total_open_now_False,total_open_now_True,total_open_now_nan,mean_price_level,population,population_density_square_miles,housing_units,home_price_to_income_ratios,price_level*rating,rating_weighed_population_density,log_mean_user_ratings_total,log_mean_rating,log_user_ratings_total_per_capita
10460,0,0,3,2,0,0,0,9,0,1,0,5,0,1,0,0,0,0,34,0,1,0,0,6,0,2,0,2,1,0,2,0,0,0,9,1,0,1,0,0,0,0,25,0,3,0,0,0,29,1,0,0,3,38,7,1.1052631578947372,59505,45341.2,21458,15.361423360381153,4.338157894736844,177964.21000000002,5.4477246714817325,1.367366351234372,-5.546090950134808
10310,0,1,2,2,0,0,0,6,0,2,0,4,3,0,2,0,1,0,34,0,1,0,0,4,0,0,3,1,0,0,1,0,0,0,7,0,0,0,0,0,0,1,24,0,0,0,0,0,24,1,0,0,4,37,3,1.625,23262,12957.8,9376,6.262743955723858,6.455681818181817,51477.805454545436,5.197743357068613,1.3794528293031736,-4.856833049830371
11369,0,0,1,1,0,0,0,2,0,0,0,2,5,0,1,1,0,0,33,0,0,0,0,6,0,1,1,3,0,0,2,1,0,0,12,1,0,0,0,0,0,0,22,0,0,0,0,0,21,2,0,0,5,32,3,1.375,34118,31291.4,12931,10.47652482400547,5.7096874999999985,129937.53849999998,5.395103728985724,1.4237105625053126,-5.042476654254741
11418,0,0,1,4,0,1,0,3,0,0,0,0,1,0,0,1,0,0,21,0,1,0,0,6,0,1,0,2,0,0,0,0,0,0,4,0,0,2,0,0,0,0,13,0,0,0,0,0,13,2,0,0,4,21,0,1.6666666666666667,38517,23607.6,11769,7.848880877272045,6.8533333333333335,97074.4512,5.648128810465367,1.413909528152864,-4.910726170793827
11360,0,0,1,2,0,0,0,2,0,0,0,7,3,1,0,0,1,0,13,0,2,0,0,1,0,0,0,2,3,0,1,0,0,0,1,2,0,0,0,0,0,0,9,0,5,0,0,0,20,0,0,0,2,24,1,1.7894736842105263,19621,14080.8,9501,6.057511546406108,6.780116959064327,53350.58666666666,5.197473384948577,1.3320728069532517,-4.686882315271525
11374,0,0,4,8,0,0,0,10,0,2,0,5,6,4,2,2,2,0,36,0,3,0,0,1,0,1,2,4,1,0,0,0,1,0,3,2,0,1,0,0,0,0,24,0,1,1,0,0,28,0,0,0,3,46,0,1.6756756756756757,42653,45228.0,20974,5.721885340637419,6.771097628240487,182758.0408163266,6.153080007375825,1.396446732583909,-4.507772883046813
11413,0,0,3,2,0,0,0,1,0,0,0,3,1,0,0,1,1,1,19,0,0,0,0,2,0,0,0,0,0,0,1,0,0,0,1,0,0,1,0,0,0,0,16,0,1,0,0,0,15,0,0,0,1,25,1,1.3529411764705883,42443,13672.9,13115,5.175849126546499,5.020915032679738,50741.6511111111,5.716905861625382,1.3113313226464351,-4.939011416634416
11229,0,0,8,2,0,1,0,14,0,0,0,6,6,2,4,3,0,0,42,0,1,0,0,2,0,2,4,2,1,0,0,0,0,0,9,1,0,0,0,0,0,0,30,0,1,0,0,0,34,1,0,0,1,52,2,1.5135135135135136,83615,38722.5,33104,9.99457887733478,5.924717444717445,151580.9863636364,5.478135793123873,1.3646992191378466,-5.855842415691351
11005,0,0,0,0,0,0,0,0,0,0,0,0,0,0,0,0,0,0,1,0,0,0,0,0,0,0,1,0,0,0,0,0,0,0,0,0,0,0,0,0,0,1,1,0,0,0,0,0,1,0,0,0,0,1,1,2.0,1749,9533.7,1613,10.424967853571033,3.7,17637.345,1.5040773967762742,0.6151856390902335,-5.962722078242328
10024,0,0,5,13,0,1,1,18,0,0,0,6,5,0,2,1,0,1,45,0,1,0,0,0,0,1,3,3,0,0,2,0,0,0,1,1,0,0,0,0,0,0,27,0,0,0,0,0,35,0,0,0,4,53,0,2.0,59001,68752.4,34032,11.699881520187136,8.221052631578948,282608.5494736842,6.0116540964441985,1.4135510776791997,-4.973655575452565
10302,0,0,2,3,0,0,0,3,0,1,0,5,4,2,1,1,0,0,29,0,2,1,0,2,0,0,3,2,2,0,2,0,0,0,5,4,0,0,0,0,0,1,23,0,0,0,0,0,23,0,0,0,1,40,2,1.5714285714285714,18204,15312.2,6877,5.8889599550723055,6.5013289036544855,63349.776279069774,5.367604768300102,1.420021478978227,-4.441791860836431
10065,0,0,3,9,0,0,1,15,0,0,0,6,6,1,1,0,2,0,47,0,1,0,1,1,0,1,1,3,1,0,2,0,0,0,2,0,0,1,0,0,1,0,28,0,1,1,0,0,35,0,0,0,4,54,0,2.1956521739130435,28109,73936.2,21156,12.15701668302257,9.00217391304348,303138.42000000004,5.53263958243066,1.4109869737102623,-4.711205506308492
11692,0,0,2,0,0,0,0,3,0,2,0,0,0,0,0,0,0,1,25,0,2,0,0,8,0,1,1,2,0,0,2,0,0,0,2,1,0,0,0,0,0,1,15,0,0,0,0,0,21,1,0,0,8,24,2,1.5,20991,20937.3,7411,8.674813737961113,5.17058823529412,72172.10470588238,4.72164517698446,1.2375213525267512,-5.230203876429547
11233,0,0,2,2,0,0,0,8,0,0,0,1,2,0,2,0,0,0,38,0,0,0,0,10,0,1,2,0,0,0,3,0,0,0,2,0,0,0,0,0,0,0,23,0,0,0,0,0,24,1,0,0,4,37,4,1.68,76819,56952.7,32088,18.687730228188585,6.817066666666668,231101.4004444445,5.401575674113993,1.4006354783905486,-5.8476316102578005
10474,0,0,1,2,0,0,0,6,1,2,0,1,0,1,0,0,0,0,30,0,0,0,0,6,0,2,0,1,0,0,1,0,0,0,9,1,0,0,0,0,0,0,20,0,0,0,0,0,26,1,0,0,13,21,7,1.0,12127,7928.8,4067,16.78107715843565,3.8926829268292673,30864.304390243895,4.685287937750065,1.3590986183114004,-4.717901712906727
11355,0,0,4,0,0,0,0,6,0,1,0,3,1,0,1,0,1,0,32,0,2,0,0,5,0,2,1,4,0,0,1,0,0,0,4,2,0,0,0,0,1,0,25,0,1,0,0,0,25,2,0,0,3,35,7,1.5263157894736843,80853,46594.6,30432,14.632591118932845,6.159532163742692,188035.09688888895,5.151748979459899,1.3951439763968734,-6.148638990608343
10465,0,0,3,4,0,1,0,9,0,0,0,3,3,1,2,0,0,1,35,0,1,0,0,2,0,1,5,2,2,0,2,0,0,0,11,2,0,0,0,0,1,3,26,0,1,0,0,0,27,1,0,0,4,43,1,1.5,44205,13012.4,16842,6.178137868335205,6.159374999999997,53432.167499999974,5.593006085025342,1.4125102032507832,-5.103587098814563
10028,0,0,3,7,1,0,0,15,0,1,0,5,7,1,3,3,0,0,41,0,3,0,1,0,1,0,4,6,0,0,1,0,0,0,4,3,0,0,0,0,0,1,23,0,0,0,0,0,34,0,0,0,2,50,1,1.8611111111111112,47793,152562.2,28983,9.735496244206491,7.753459119496857,635579.8822641511,5.872330363212731,1.4269654008508186,-4.902304101028274
10314,0,0,11,5,0,1,0,17,0,1,0,8,5,3,5,6,1,1,48,0,4,0,0,5,0,0,8,5,3,0,0,0,0,0,6,2,0,0,0,0,0,1,33,0,3,1,0,0,38,1,0,0,0,60,0,1.8,90761,6634.5,33268,5.5947522538101495,7.389000000000001,27234.6225,6.2747934080688905,1.4122057429043917,-5.141191548833824
10031,0,0,3,6,0,0,0,12,0,0,0,2,3,1,2,1,0,2,40,0,0,0,0,4,0,1,3,0,0,0,2,0,0,0,8,0,0,1,0,0,1,0,27,0,1,0,0,0,31,3,0,0,4,46,1,1.6551724137931034,60254,92805.8,23802,8.358220921609107,6.967951318458418,390694.22078431374,5.52638992678525,1.4374160721604097,-5.479934312405423
11205,1,0,6,4,0,1,1,13,0,0,0,2,2,0,1,1,0,0,39,0,2,0,1,5,0,4,2,5,1,0,2,0,1,0,5,1,0,0,0,0,0,0,25,0,0,0,0,0,33,3,0,0,8,42,2,1.7352941176470589,46064,48748.8,17664,12.608450306835016,7.458427601809955,209526.09230769234,5.589981883147185,1.4581676954721963,-5.147805129704773
10473,0,0,2,1,0,0,0,4,0,2,0,4,3,2,3,0,0,0,31,0,0,0,0,4,0,1,4,1,0,0,3,0,0,0,5,2,0,0,0,0,0,2,22,0,1,0,0,0,24,0,0,0,1,39,3,1.2272727272727273,59609,27869.9,21955,9.164705317258273,4.803488372093025,109081.49232558144,5.567189923056435,1.3645479855031981,-5.42837192530805
10030,0,0,2,1,0,0,0,7,0,0,0,1,3,0,0,0,0,0,38,0,0,0,0,5,0,1,2,1,0,0,4,0,0,0,5,2,0,0,0,0,0,1,24,0,0,0,0,0,27,1,0,0,3,36,8,1.5,29882,107115.2,13940,16.289750752041257,5.674468085106384,405214.5225531916,5.344266619715865,1.3305117213697457,-4.960744951695165
10305,0,0,6,7,0,1,0,6,0,0,0,3,5,1,4,1,0,1,37,0,2,0,0,5,0,0,4,2,0,0,3,0,0,0,6,1,0,0,0,0,0,0,25,0,0,1,0,0,25,2,0,0,4,41,0,1.851851851851852,42298,10631.3,16068,5.7589980258599285,7.78189300411523,44675.085111111126,5.18228280142577,1.4356134858940923,-5.470212281166925
11237,0,0,7,5,0,3,1,17,0,0,0,1,0,0,0,1,0,0,41,0,2,0,0,4,0,1,0,3,0,0,2,0,0,0,7,1,0,0,0,0,1,0,25,0,0,0,0,0,37,1,0,0,12,42,2,1.56,49310,50124.0,17987,12.677727423025305,6.752571428571429,216965.31428571427,5.294918740613229,1.46523756346001,-5.510963438604942
10037,0,0,1,0,0,0,1,2,0,0,0,3,1,0,0,1,0,0,25,0,1,0,0,6,0,1,0,1,0,0,3,0,0,0,6,2,0,0,0,0,0,0,16,0,1,0,0,0,21,0,0,0,2,28,6,1.25,21139,82131.9,10583,9.37146155724784,4.576388888888888,300694.01166666666,4.359198602117681,1.2977666836122967,-5.5996763524980055
11433,0,0,1,0,0,0,0,2,0,3,0,2,0,0,0,0,0,0,14,0,1,0,1,3,0,2,1,2,0,0,1,0,0,0,2,0,0,0,0,0,0,0,11,0,0,0,0,0,16,1,0,0,5,18,2,1.0,36489,23550.9,11574,7.9870344131519175,3.636,85631.0724,4.7730546949842765,1.2908841763152323,-5.73171142930227
11420,0,0,1,2,0,0,0,1,0,1,0,0,0,0,0,0,1,0,23,0,1,0,0,5,0,0,0,1,0,0,1,0,0,0,7,1,0,1,0,0,0,0,17,0,0,0,0,0,13,1,0,0,2,24,2,1.4285714285714286,48489,23340.9,14180,7.036448212918802,5.627551020408163,91946.47392857143,5.744947267557234,1.370999416084253,-5.044144979520684
11356,0,0,6,2,0,0,0,5,0,1,0,2,4,2,2,0,0,0,31,0,3,0,0,3,0,0,2,4,1,0,0,0,0,0,10,1,0,0,0,0,0,0,21,0,0,0,0,0,21,1,0,0,4,33,2,1.45,23362,14815.5,8202,10.353264014018151,5.651282051282051,57742.46153846153,5.470545419846947,1.36031887471663,-4.5883206298686945
10012,0,1,3,7,0,1,1,19,0,0,0,8,4,1,3,1,2,1,47,0,0,0,0,1,0,0,3,1,0,0,2,0,0,0,1,1,0,1,0,0,0,1,26,0,3,1,0,0,39,1,0,0,0,59,0,2.13953488372093,23411,72416.2,14052,15.310399222282346,9.044067796610168,306111.8691525423,6.346735964190652,1.4415205893402165,-3.7142253121696664
11208,0,0,6,3,0,0,0,9,0,0,0,5,2,0,3,1,0,0,36,0,2,0,0,4,0,3,3,5,0,0,1,0,0,0,11,0,0,1,0,0,0,2,28,0,2,0,0,0,28,1,0,0,4,42,2,1.2962962962962965,98660,27577.5,36961,11.445265509537721,5.133873456790123,109218.39062499999,5.70051324766349,1.3763492385864924,-5.79892162712424
10457,0,0,3,2,0,0,0,8,0,0,0,3,3,0,3,1,0,1,34,0,1,0,0,3,0,0,4,1,0,0,3,0,0,0,5,0,0,0,0,0,1,1,26,0,0,0,1,1,28,1,0,0,4,41,3,1.238095238095238,74554,70392.0,25867,13.7345003646973,4.795039682539682,272622.35000000003,5.3670463143213,1.3540078838195075,-5.8522326596971155
11224,0,0,3,4,0,0,0,8,0,1,0,3,1,1,1,2,0,0,32,0,1,0,0,1,0,0,2,2,0,0,3,0,0,0,2,0,0,1,0,1,0,0,25,0,2,0,0,0,28,0,0,0,10,33,6,1.4347826086956519,46707,29449.7,20334,11.662793154447494,5.791836734693877,118880.62571428575,6.085103572498684,1.3954361210779853,-4.666545752859101
11222,0,0,3,8,0,1,1,14,0,0,0,7,3,0,1,3,0,0,37,0,4,0,0,1,0,2,2,8,1,0,0,0,0,0,1,0,0,0,0,0,0,0,26,0,0,0,0,0,33,0,1,0,6,47,0,1.875,36492,23779.0,18656,9.613328476930127,8.182783018867925,103775.14528301886,5.368177786134589,1.4734236556852716,-5.136670551330776
10018,0,0,6,8,0,0,1,20,0,0,0,6,8,1,1,3,3,0,48,0,3,0,0,0,0,1,1,4,1,0,1,0,1,1,0,0,0,0,0,0,0,0,27,0,0,0,0,0,38,0,0,0,4,55,0,1.891304347826087,9687,30002.0,5940,6.827405108617809,7.658179808400885,121482.67457627121,6.403068963130232,1.3985076104260445,-2.7754710962961533
11106,0,0,8,4,0,0,0,15,0,0,0,4,7,1,3,1,0,0,41,0,2,0,0,4,0,2,3,5,1,0,3,0,0,0,2,0,0,0,0,0,0,0,25,0,0,0,0,0,32,1,0,0,2,47,1,1.625,38363,44876.4,19074,8.969750247241102,6.919249999999998,191083.71119999996,5.509631222108668,1.4487995664712876,-5.045217510295808
11415,0,0,2,2,0,0,1,7,0,1,0,0,4,0,1,0,0,0,34,0,0,0,0,4,0,0,2,1,0,0,2,0,0,0,7,2,0,0,0,0,0,0,19,0,1,0,0,0,23,2,0,0,6,34,1,1.4583333333333333,19372,34228.7,9521,5.097080270594781,5.954268292682925,139753.27756097558,5.310679661908677,1.406814091351067,-4.560904341614443
10023,0,0,5,11,0,0,0,20,0,0,0,4,4,1,1,3,0,1,54,0,1,0,1,1,0,2,3,3,0,0,4,0,0,0,3,2,0,0,0,0,0,1,34,0,0,0,0,0,40,1,0,0,3,62,1,1.981818181818182,62435,127409.5,41492,8.620028822862048,8.440743801652895,542648.6431818183,6.004410686073509,1.4490557358860607,-5.037470608475736
11214,0,0,6,2,0,0,0,17,0,1,0,4,4,1,3,5,0,0,40,0,3,0,0,2,0,3,3,7,0,0,1,0,0,0,7,1,0,0,0,0,0,1,29,0,0,0,0,0,35,0,0,0,3,52,0,1.5128205128205128,92946,42853.4,33770,13.164079125108714,6.136550116550117,173828.97345454548,5.930314218950362,1.4002869162060159,-5.509459739384056
10044,0,0,0,0,0,0,0,1,0,0,0,2,1,0,0,0,0,0,10,0,0,0,0,0,0,0,1,0,0,0,0,0,0,0,2,1,0,0,0,0,0,1,8,0,0,0,0,0,4,0,0,0,0,12,0,1.6666666666666667,11682,50775.4,5427,6.8896167899562935,7.000000000000001,213256.68000000002,4.835620312484739,1.4350845252893227,-4.530184162115515
11429,0,0,1,0,0,0,0,0,0,0,0,0,2,0,1,0,0,0,13,0,0,0,0,2,0,0,1,0,0,0,1,0,0,0,2,3,0,0,0,0,0,0,10,0,0,0,0,0,10,0,0,0,2,14,2,1.5,27403,21179.7,7752,5.2198462277751085,5.708333333333333,80600.525,4.7483080659799475,1.336461987372015,-5.47009970945382
11697,0,1,0,3,0,0,0,1,0,0,0,1,0,0,0,0,1,0,8,0,0,0,0,1,0,0,1,0,0,0,1,0,0,0,0,1,0,0,0,0,0,1,6,0,0,0,0,0,8,1,0,1,6,5,3,1.6666666666666667,3540,1363.9,2553,5.511681791851709,7.190476190476191,5884.254285714286,4.227875954846623,1.4619317753255106,-3.944006051281197
10032,0,1,4,4,0,0,1,13,0,0,0,0,2,0,2,2,1,0,38,0,0,0,0,4,0,3,2,1,0,0,3,0,0,0,9,2,0,0,0,0,0,0,26,0,0,0,0,0,31,2,0,0,3,47,1,1.53125,64264,98152.9,22574,9.91446885356512,6.19705882352941,397230.5599999999,5.248364762300974,1.3979904008830817,-5.8223901155526745
10463,0,0,5,9,0,0,0,14,0,0,0,4,5,2,5,2,0,0,42,0,5,0,0,4,0,3,5,6,1,0,0,0,0,0,11,2,0,0,0,0,0,1,28,0,0,1,0,1,32,1,0,0,3,49,1,1.6976744186046508,71360,49208.9,29973,4.908541271711841,6.90921456779289,200270.93830188678,6.003421083873503,1.4035966398429889,-5.172071683380388
10017,0,0,2,9,0,0,0,20,0,0,0,5,7,0,5,6,1,0,49,0,1,0,0,0,0,1,5,3,0,0,2,0,0,0,0,0,0,0,0,0,0,1,22,0,0,0,0,0,40,0,0,0,2,57,1,2.2978723404255317,15801,49849.9,12650,4.998196163317805,9.344680851063828,202722.92666666667,6.39579011730048,1.402823663071101,-3.2720383908510184
11417,0,0,2,3,0,0,0,5,0,1,0,1,3,1,2,1,1,0,27,0,1,0,0,0,0,2,2,3,0,0,3,0,0,0,11,1,0,2,0,0,0,1,21,0,0,0,0,0,17,0,0,0,4,33,0,1.4210526315789471,31927,28529.5,9764,6.563249073872304,5.99914651493599,120440.75405405411,5.731415168790455,1.4402193247613615,-4.639792156976559
10451,0,0,8,6,0,0,0,15,0,0,0,4,5,3,4,1,0,0,44,0,5,0,1,5,0,1,4,7,0,0,0,0,0,0,6,0,0,2,0,0,0,0,31,0,0,0,0,0,33,0,0,0,2,49,2,1.4166666666666667,47798,46447.4,19884,4.688634556204834,5.567767295597483,182547.0456603773,5.9506916866007575,1.3686874347148041,-4.824047389999246
10475,0,0,5,3,0,0,0,8,0,1,0,5,2,2,2,2,1,0,32,0,7,0,0,3,0,0,2,8,3,0,0,0,0,0,4,3,0,1,0,0,0,1,26,0,5,0,0,0,28,0,0,0,2,45,0,1.55,43208,25123.6,19080,0.5429650613786591,6.114255319148937,99104.58382978724,6.432426859874168,1.3723680514216963,-4.241354082398559
11432,0,1,4,1,0,0,0,9,0,0,0,8,1,2,1,1,2,3,32,0,1,0,0,2,0,0,1,1,0,0,0,0,0,0,9,0,0,0,0,0,0,0,24,0,4,0,0,0,27,2,0,0,5,40,0,1.3,62053,28870.2,20030,10.44431724680714,5.1306666666666665,113941.056,5.772755592861638,1.3728713407877497,-5.262988544708749
10069,0,0,0,0,0,0,0,1,0,0,0,3,0,0,0,0,0,0,2,0,0,0,0,0,0,0,0,1,0,0,1,0,0,0,0,0,0,0,0,0,0,0,0,0,0,0,0,0,7,0,0,0,1,3,3,2.0,5085,52882.6,3402,18.079105084745766,3.8857142857142857,102743.33714285714,2.6288008294480694,0.664159643686693,-5.905249479034591
10011,0,0,2,6,0,0,0,17,0,0,0,5,11,1,9,2,0,0,49,0,3,0,0,0,0,0,9,5,0,0,2,0,0,0,1,0,0,1,0,0,0,2,22,0,1,0,0,0,37,0,0,0,2,55,0,2.2222222222222223,50472,76262.9,33707,7.4969093326491105,9.087719298245615,311875.12263157894,6.308130397027452,1.4084162782071614,-4.521043609023193
10459,0,0,4,0,0,0,0,6,0,0,0,3,3,1,3,1,1,1,34,0,2,0,0,5,0,1,3,2,1,0,1,0,0,0,13,1,0,0,0,0,0,0,23,0,2,0,0,0,25,1,0,0,5,38,2,1.318181818181818,48351,58950.1,17792,14.064362336114426,5.266868686868689,235538.39955555566,4.681307842969015,1.3851826322672007,-6.1049343402218135
11235,0,0,7,7,0,0,0,18,0,0,0,4,4,2,3,4,0,0,46,0,2,0,0,4,0,0,3,4,0,0,0,0,0,0,5,3,0,2,0,0,0,0,32,0,0,0,0,0,34,2,0,0,6,51,1,1.7857142857142858,78128,34812.0,35319,10.169781872168718,7.361453201970444,143509.46896551724,6.233328328102209,1.4164388639178598,-5.032775458199232
11378,0,0,4,3,0,0,0,5,0,0,0,1,3,0,1,0,0,0,33,0,2,0,0,4,0,2,1,5,0,0,3,0,0,0,10,1,0,0,0,0,1,0,24,0,1,0,0,0,25,0,0,0,6,36,3,1.5384615384615383,37279,14466.8,13871,8.254128427856491,6.270085470085468,58960.2471111111,5.3712579909497515,1.4050070700520445,-5.15492745345567
11204,0,0,3,0,0,0,0,11,0,0,0,6,5,2,3,2,0,0,39,0,2,0,0,3,0,2,3,4,0,0,0,0,0,0,11,0,0,0,0,0,0,0,25,0,0,0,0,0,27,2,0,0,7,44,0,1.4,76978,48471.8,25732,16.581299588229385,5.7839215686274486,200255.06392156857,5.2658346860944825,1.4186096880858172,-5.985440259631521
11215,0,0,4,4,0,0,0,20,0,0,0,3,4,0,4,1,0,0,47,0,4,0,0,2,0,3,5,5,0,0,2,0,1,0,2,1,0,1,0,0,0,0,25,0,1,1,0,0,38,2,0,0,7,51,1,1.8723404255319152,70156,32256.2,30920,9.212432130632854,7.981247746123334,137498.88644067798,5.773972369537695,1.4499055456340746,-5.3845042433403325
11411,0,0,1,1,0,0,1,1,0,0,0,2,1,0,1,0,0,0,19,0,1,0,0,3,1,1,2,1,0,0,1,0,0,0,1,1,0,0,0,0,0,0,15,0,1,1,0,0,14,1,0,0,1,24,1,1.3,20759,17772.7,6482,4.6047165590848085,4.465000000000001,61042.38884615385,5.14682341091197,1.2339049498609713,-4.793911755650825
11358,0,0,4,1,0,0,0,14,0,0,0,2,4,0,3,3,0,0,43,0,3,1,0,3,0,2,3,5,0,0,1,0,0,0,4,4,0,1,0,0,0,0,25,0,0,0,0,0,31,1,0,0,3,50,0,1.6,37190,19084.4,13993,11.380786039407823,6.738113207547172,80370.52981132078,5.252668489780163,1.4377763169550342,-5.2711266971389525
10036,0,0,4,14,0,0,0,22,0,0,0,10,3,0,2,3,0,0,44,0,1,0,0,0,0,0,2,3,2,0,0,0,0,0,0,1,0,2,0,0,0,0,20,0,2,0,0,0,42,0,1,0,1,59,0,2.04,27428,62443.4,19779,10.625870170553428,8.619000000000002,263823.36500000005,7.281741186508124,1.4410192608091372,-2.937578481896131
11367,0,0,1,0,0,0,0,3,0,0,0,3,2,0,2,1,0,0,27,0,0,0,0,6,0,1,2,2,0,0,2,0,0,0,8,3,0,0,0,0,0,1,18,0,0,0,0,0,21,2,0,0,5,31,1,1.2142857142857142,41824,17756.9,15802,8.280254777070066,5.116409266409266,74818.93810810811,5.692548437321442,1.4382968634195064,-4.948677179102506
11203,0,0,5,3,0,0,0,11,0,4,0,2,4,1,2,1,0,0,36,0,2,0,0,2,0,3,2,5,0,0,0,0,0,0,3,0,0,0,0,0,0,0,29,0,0,0,0,0,30,1,0,0,7,41,2,1.4642857142857142,75451,35174.8,30926,8.725159428203678,5.845428571428571,140417.8016,5.571317180213676,1.3842923584492175,-5.6599215377049585
11422,0,0,1,5,0,0,0,2,0,0,0,2,1,0,1,0,0,0,20,0,3,0,0,3,0,1,1,5,0,0,1,0,0,0,1,1,0,3,0,0,0,0,15,0,1,0,0,0,13,1,0,0,1,24,1,1.5882352941176472,32082,16006.8,10356,4.918473693057657,6.236877828054299,62857.472307692304,5.976253286415052,1.3678561871491377,-4.399797117761734
10455,0,1,5,1,0,0,0,10,0,0,0,4,1,2,1,4,2,0,35,0,5,0,0,2,0,2,3,6,1,0,0,0,1,0,14,3,0,0,0,0,0,1,31,0,0,0,0,0,32,1,0,0,4,47,2,1.4193548387096775,42283,59295.0,15066,12.312973396515055,5.647961046865491,235949.3490566038,5.277440577641124,1.3810921739326072,-5.374699815360357
11354,0,0,4,3,0,0,0,10,0,0,0,4,0,4,0,2,1,0,29,0,5,0,0,3,0,1,0,9,0,0,0,0,0,0,4,0,0,0,0,0,0,0,21,0,2,0,0,0,24,1,0,0,4,38,0,1.6774193548387095,55200,25342.4,22500,11.727058823529413,6.8814132104454675,103964.17904761905,6.217128728487187,1.4115675252505155,-4.701589503777999
10004,0,0,5,14,0,0,0,17,0,0,0,4,3,0,0,1,1,0,44,0,0,0,0,0,0,1,0,0,1,0,3,0,1,0,1,2,0,0,0,0,0,0,27,0,1,0,0,0,30,0,0,0,7,44,0,2.0,3028,5622.9,2139,10.406926956135619,7.964705882352942,22392.372352941176,5.992052609459536,1.3818728358620134,-2.023605005097803
11238,1,0,2,9,0,1,0,12,0,0,0,2,0,0,0,0,0,1,41,0,1,0,0,5,0,3,0,4,0,0,7,0,2,0,3,2,0,1,0,0,0,0,24,0,0,0,0,0,31,4,0,0,10,40,2,1.6875,54540,49287.9,26697,10.375027808025104,7.1621394230769235,209189.22173076926,5.5103221888359215,1.4455605946812635,-5.396367467563659
10010,0,0,1,9,0,0,0,16,0,1,0,2,9,0,5,1,2,0,45,0,2,0,0,1,0,2,5,5,0,0,3,0,0,0,0,0,0,2,0,0,0,1,21,0,0,0,0,0,34,0,0,0,3,50,0,2.024390243902439,33730,88379.6,18535,6.68402262493322,8.189231477220433,357520.49509433965,6.24829830701178,1.397551515644525,-4.177844621043916
10022,0,0,3,10,0,0,0,20,0,0,0,9,8,4,2,3,0,0,52,0,3,0,0,0,0,1,2,4,2,0,0,0,0,0,2,0,0,0,0,0,0,0,27,0,2,0,0,0,40,0,0,0,1,63,0,2.2115384615384617,31125,72810.3,24206,6.858595037048528,8.92563100961539,293857.82015625015,6.33779318336757,1.3952386167421233,-4.007973450399438
11377,0,0,8,1,0,0,0,15,0,1,0,1,6,0,2,3,0,0,45,0,6,0,0,4,0,2,3,8,0,0,0,0,1,0,11,0,0,0,0,0,0,1,30,0,0,0,0,0,34,1,0,0,3,51,1,1.5263157894736843,86421,34068.8,33753,9.273811611997894,6.371674641148326,142221.7541818182,5.382324234517368,1.4290054792129405,-5.984661746297118
10472,0,0,4,4,0,0,0,6,0,0,0,3,4,0,3,0,1,0,32,0,1,0,0,3,0,2,3,1,0,0,4,0,0,0,9,0,0,0,0,0,0,0,25,0,1,0,0,0,25,2,0,0,3,41,1,1.4615384615384617,68796,65283.5,23392,14.588242889886045,5.777948717948719,258087.43666666668,5.5434398245810215,1.3745591049014698,-5.595461058115362
11379,0,0,4,1,0,0,0,6,0,0,0,2,5,0,2,3,0,0,32,0,2,0,0,2,0,1,2,3,0,0,2,0,0,0,11,2,0,0,0,0,0,0,22,0,0,0,0,0,24,2,0,0,3,39,1,1.4482758620689655,37851,18243.3,14614,7.803764836571318,5.884041700080189,74118.70953488369,4.949584224774861,1.4018701014464479,-5.59182845382099
10006,0,0,2,7,0,0,0,11,0,0,0,4,1,2,0,2,1,0,30,0,1,0,0,0,0,0,0,3,0,0,1,0,0,0,1,4,0,0,0,0,1,0,22,0,1,0,0,0,26,0,0,0,3,37,5,1.9310344827586208,3454,37014.1,2343,6.470354609929077,7.625440613026822,146164.56822222227,5.8188952817567055,1.3734342453902861,-2.3283929769499183
11232,0,0,4,5,0,0,0,13,0,1,0,2,0,2,0,1,1,1,36,0,2,0,1,1,0,3,0,4,1,0,3,0,0,0,13,0,0,0,0,0,0,0,29,0,1,0,0,0,33,1,0,0,12,39,1,1.2962962962962965,27602,23174.4,9287,12.453010006883039,5.6438746438746445,100897.7723076923,6.034238481507328,1.4710596277476005,-4.191405031340658
11421,0,0,3,2,0,0,0,5,0,0,0,2,3,0,1,1,1,0,30,0,2,0,1,1,0,1,1,3,1,0,2,0,0,0,12,0,0,0,0,0,0,0,24,0,1,0,0,0,25,0,0,0,5,37,2,1.3636363636363635,41002,31780.5,12746,6.627258346515694,5.733471074380164,133622.5568181818,5.013661015012793,1.4361661911600636,-5.6077151099717275
11231,0,0,2,8,0,0,0,16,0,0,0,1,2,0,2,1,0,0,42,0,2,0,0,3,0,1,2,7,0,0,2,0,0,0,0,0,0,0,0,0,1,0,28,1,0,0,0,0,33,1,0,0,13,41,1,1.6896551724137931,37845,26621.3,16878,12.659036252781574,7.498996865203761,118150.16963636361,5.938159661448688,1.4902447921664432,-4.60309448829458
11216,0,1,3,1,0,0,0,15,0,0,0,2,3,0,1,1,2,2,40,0,3,0,0,2,0,4,1,7,0,0,4,0,2,0,5,1,0,0,0,0,0,0,24,0,0,0,0,0,35,2,0,0,12,42,0,1.4285714285714286,56308,60233.5,27273,17.566793737013462,6.105820105820105,257442.4407407407,5.45966431324589,1.45256748806967,-5.478927586701966
10456,0,0,1,0,0,0,0,5,0,0,0,1,2,0,0,0,0,0,37,0,1,0,0,10,0,0,0,1,1,0,3,0,0,0,6,0,0,0,0,0,0,0,25,0,0,0,0,0,25,5,0,0,1,39,5,1.2,94218,92585.0,32349,12.735187781303035,4.901333333333334,378158.28888888896,4.91868243514089,1.4071857201512672,-6.534684089972118
11209,0,0,8,8,0,1,0,18,0,1,0,3,7,1,5,3,1,0,44,0,3,0,0,0,0,3,5,5,1,0,0,0,0,0,4,1,0,0,0,0,0,0,28,0,0,0,0,0,36,0,0,0,3,52,2,1.7727272727272727,67809,31953.0,33223,10.421218574549881,7.4610047846889955,134482.88947368422,5.88907233123791,1.4371709020110988,-5.2353778772437884
11206,0,0,4,5,0,0,0,15,0,0,0,7,3,1,1,4,0,1,41,0,2,0,0,1,0,1,2,5,0,0,0,0,0,0,5,0,0,0,0,0,0,0,27,0,1,0,0,0,34,0,0,0,7,47,1,1.5666666666666669,88349,61590.7,32775,17.99802219536315,6.713878787878786,263944.1452727271,5.254935279604071,1.455226624709614,-6.134114879460586
11228,0,0,3,1,0,0,0,6,0,1,0,3,2,0,2,1,0,1,33,0,1,0,0,6,0,0,2,1,0,0,4,0,0,0,12,2,0,0,0,0,0,2,24,0,0,0,0,0,29,0,0,0,9,33,3,1.4761904761904765,44994,30556.6,16476,12.731368997658699,5.986772486772489,123923.98888888891,4.91608038455908,1.4000876832522267,-5.798204041970365
11211,0,0,7,11,0,0,0,19,0,0,0,5,1,0,1,3,2,0,43,0,1,0,0,3,1,1,3,4,2,0,1,0,0,0,3,1,0,0,0,0,0,0,28,0,1,0,0,0,39,2,0,0,6,52,1,1.805555555555556,102624,44382.0,42322,14.080730080730081,7.89241996233522,194001.99661016953,5.502088028723871,1.4750344689815797,-6.036739073769011
10021,0,0,2,11,0,0,0,17,0,0,0,4,5,1,3,1,0,0,49,0,0,0,0,0,0,1,3,1,0,0,4,0,0,0,2,1,0,0,0,0,0,1,30,0,0,0,0,0,35,0,0,0,2,57,1,2.1111111111111107,46215,121297.4,30729,10.470119791358453,8.940555555555557,513694.4890000001,5.434667698892607,1.443383328104018,-5.306392000806271
11218,0,0,3,3,0,1,0,14,0,1,0,2,5,0,2,0,0,1,45,0,0,0,0,5,0,5,2,4,0,0,1,0,0,0,7,1,0,0,0,0,0,0,27,0,0,0,0,0,33,1,0,0,11,42,1,1.6176470588235294,74508,52159.7,26025,10.82042786141324,6.5484749455337665,211150.19296296287,5.088967137366163,1.3982595291781634,-6.12969464378673
10005,0,0,2,5,0,0,0,14,0,0,0,7,3,2,0,2,0,0,37,0,1,0,0,0,0,0,0,1,1,0,2,0,0,0,1,2,0,0,0,0,1,0,21,0,2,0,0,0,30,0,0,0,10,36,4,1.7575757575757576,8831,121496.4,5585,8.165784934201799,6.724484848484851,464845.22640000016,5.343481918502411,1.3418198710180615,-3.742541618966392
10040,0,0,3,6,0,0,0,6,0,0,0,2,2,0,1,3,0,1,31,0,3,0,0,3,0,1,1,6,0,0,2,0,0,0,8,2,0,1,0,0,0,0,22,0,1,0,0,0,26,0,0,0,1,40,3,1.48,44571,116782.2,17282,8.369221630566221,5.748454545454546,453592.6813636364,5.135397287081655,1.3568889562032842,-5.5694414152238085
11109,0,0,1,4,0,0,0,1,0,0,0,0,0,0,0,0,0,0,6,0,0,0,0,1,0,0,0,0,0,0,0,0,0,0,0,0,0,1,0,0,1,0,5,0,0,0,0,0,4,0,0,0,1,6,1,2.0,5981,120172.5,4066,5.366444579043004,8.5,510733.125,6.367114570136961,1.4469189829363254,-2.329228486907596
10038,0,0,5,11,0,0,0,16,0,0,0,5,5,0,2,3,0,0,45,0,0,0,0,1,0,1,2,2,0,0,2,0,0,0,0,0,0,0,0,0,0,1,28,0,3,0,0,0,37,1,0,0,7,50,0,1.8536585365853657,22800,76365.6,11720,9.149643263845313,7.739837398373982,318859.8736842105,5.7303845453413045,1.4292194058369245,-4.3041312696012275
11694,0,0,4,2,0,2,0,5,0,0,0,1,2,0,0,1,0,0,32,0,0,0,0,3,0,1,0,0,0,0,2,0,0,0,9,1,0,0,0,0,0,0,20,0,0,0,0,0,26,0,0,0,8,34,3,1.5294117647058822,21354,15980.5,9492,8.043123888559574,6.556078431372548,68503.07666666666,4.641609256179496,1.4555094301413636,-5.327385098558752
11362,0,0,0,0,0,0,0,3,0,0,0,0,1,0,1,3,2,0,20,0,0,0,0,1,0,0,3,0,0,0,4,0,0,0,2,0,0,0,0,0,0,1,14,0,1,0,0,0,18,1,0,0,3,24,3,1.8823529411764703,18721,7397.8,7484,5.847395862532937,7.272156862745097,28580.167333333335,5.121977881431629,1.3515303686835507,-4.715423285976639
11234,0,0,7,3,0,0,0,16,0,1,0,4,8,0,7,2,1,0,46,0,4,0,0,0,0,2,7,7,0,0,0,0,0,0,13,1,0,0,0,0,0,0,32,1,0,1,0,0,35,0,0,0,6,49,0,1.6744186046511629,95666,12910.5,33947,6.836693325470829,6.785961945031715,52322.735454545465,6.2197222714447475,1.3993900551593526,-5.248895965963505
11220,0,0,7,0,0,0,0,15,0,0,0,4,3,1,2,2,0,0,38,0,1,0,1,1,0,1,2,3,0,0,1,0,0,0,9,0,0,0,0,0,0,0,30,0,4,0,0,0,34,1,0,0,1,52,3,1.5263157894736843,95643,54809.2,30370,17.583211198198768,6.356015037593984,228241.16857142854,5.48642571892515,1.4265447637411879,-5.981952069783764
10019,0,1,2,9,0,0,0,20,0,0,0,10,9,0,1,1,1,0,55,0,1,0,0,3,0,0,2,2,0,0,0,0,0,0,1,0,0,1,0,0,0,0,24,0,0,0,0,0,38,3,0,0,0,60,1,2.04,43703,62718.5,33077,9.28536015298534,8.317180327868853,255706.40901639345,6.247947743624116,1.4053734866360477,-4.4372242849888535
11213,0,0,4,1,0,0,0,7,0,0,0,1,1,0,1,1,1,0,37,0,5,0,0,10,0,3,1,5,1,0,1,0,0,0,7,3,0,0,0,0,0,1,25,0,1,0,0,0,26,4,0,0,6,39,1,1.318181818181818,66295,60798.8,27467,18.61184368257013,5.519169960474309,254561.9321739131,5.361904348158908,1.4319741028749304,-5.739965410389911
10462,0,0,5,3,0,0,0,12,0,0,0,4,5,2,4,2,1,0,39,0,4,0,0,1,0,2,5,4,2,0,1,0,0,0,13,2,0,0,0,0,0,1,29,0,2,0,0,0,31,1,0,0,4,47,1,1.5,76756,52066.9,31120,5.724207674254424,5.930769230769233,205864.51230769238,6.134981970633872,1.374688814999583,-5.1134048676557615
10301,0,0,4,7,0,0,1,10,0,2,0,2,7,0,2,0,0,0,40,0,2,0,0,6,0,1,2,3,0,0,2,0,0,0,3,2,0,1,0,0,0,0,25,0,1,0,0,0,27,1,0,0,3,45,0,1.5833333333333333,38733,10918.0,16366,8.146661409985304,6.669791666666667,45992.075000000004,5.1702472245859985,1.4380562956784801,-5.39420000425683
11372,0,0,8,6,0,0,0,16,0,1,0,5,10,1,6,1,1,0,46,0,1,0,0,0,0,0,6,2,1,0,0,0,0,0,4,0,0,0,0,0,0,0,29,0,0,0,0,0,32,0,0,0,2,52,1,1.6216216216216215,61844,83481.2,26057,5.764148768245748,6.4009828009828,329523.064,5.803600385693049,1.3730248916517753,-5.228769978529436
11412,0,0,0,0,1,0,0,0,0,1,0,1,1,0,0,0,0,0,13,0,0,0,0,3,0,0,0,0,0,0,0,0,0,0,3,2,0,0,0,0,0,0,9,0,0,0,0,0,9,1,0,0,0,15,3,1.25,37458,22742.1,11871,5.440859941159239,4.305555555555555,78333.9,4.782851363225544,1.236762627148927,-5.748124221064256
10013,1,0,3,5,0,0,0,21,0,0,0,9,3,1,1,1,0,0,48,0,0,0,0,1,0,2,4,3,1,0,0,0,0,0,2,0,0,0,0,0,0,2,26,0,1,0,0,0,41,1,0,0,9,54,1,2.148936170212766,28709,52176.5,14144,18.96778323628156,9.072539893617021,220282.66093749998,5.791488055075306,1.4402793421664266,-4.473477886363874
10304,0,1,3,4,0,0,0,8,0,0,0,2,2,1,0,0,1,0,35,0,0,0,0,7,0,2,0,2,1,0,6,0,0,0,7,2,0,1,0,0,0,0,23,0,1,0,0,0,27,2,0,0,4,43,0,1.75,41064,11014.6,15972,9.03082434529397,7.5510638297872354,47526.82723404256,5.146132837684957,1.4620726700069697,-5.476754266555182
10009,0,0,2,9,0,1,0,12,0,0,0,4,2,0,1,1,1,0,37,0,1,0,0,2,0,4,2,3,0,0,4,0,1,0,1,1,0,1,0,0,0,0,25,0,0,0,0,0,31,1,0,0,3,47,0,2.074074074074074,57925,93905.6,31293,9.883343081822318,9.084444444444442,411306.52799999993,5.064618301294311,1.4770487243883546,-5.902286048006267
11428,0,0,2,2,0,0,0,3,0,1,0,0,0,0,0,2,1,0,24,0,0,0,0,4,0,1,0,1,1,0,1,0,0,0,9,0,0,1,0,0,0,0,20,0,0,0,0,0,14,2,0,0,5,23,2,1.2142857142857142,18929,22762.2,5973,6.4071425663848895,4.796428571428572,89910.69000000002,4.882801922586371,1.3737155789130306,-4.965648494019849
10003,0,0,2,11,0,0,1,29,0,0,0,5,7,1,5,3,3,1,56,0,2,0,0,2,0,1,7,5,0,0,1,0,1,0,0,0,0,0,0,0,0,0,24,0,1,0,0,0,47,2,0,0,2,63,0,2.0769230769230766,54682,94859.6,30876,8.928842157833248,8.470650887573964,386881.23015384615,6.607086681356932,1.4057198433993427,-4.302203185256822
11357,0,0,5,2,0,0,0,10,0,0,0,1,6,0,3,0,0,1,37,0,1,0,1,0,0,1,3,2,0,0,2,0,0,0,2,0,0,0,0,0,0,0,26,0,1,0,0,0,24,0,0,0,6,38,1,1.68,39902,14196.3,15973,8.086860192255006,6.996266666666666,59119.702666666664,5.0330488889331555,1.4265828800340021,-5.561132838001851
11366,0,0,2,0,0,0,0,3,0,0,0,1,3,1,2,1,1,0,23,0,0,0,0,1,0,0,3,0,1,0,2,0,0,0,4,1,0,0,0,0,0,1,16,0,1,0,0,0,18,1,0,0,5,26,0,1.7894736842105263,14650,13403.3,5028,9.231548297252816,7.400339558573853,55429.13096774193,5.446320154498725,1.4196043400014233,-4.145875459946488
11104,0,0,5,4,0,0,0,10,0,0,0,0,6,0,3,2,1,0,43,0,1,0,0,6,0,2,3,1,0,0,1,0,1,0,5,1,0,0,0,0,0,1,25,0,0,0,0,0,30,1,0,0,0,50,1,1.7058823529411764,26119,67304.0,12690,7.803293672167001,6.823529411764704,269215.99999999994,5.415141336783682,1.3862943611198904,-4.755276961034599
10306,0,0,5,3,0,0,0,9,0,2,0,3,3,2,1,0,1,0,34,0,1,0,0,1,0,0,1,2,1,0,0,0,0,0,3,1,0,0,0,0,0,0,25,0,0,0,0,0,20,0,0,0,3,38,0,1.78125,53142,7109.4,21594,6.043811031934547,7.420426829268295,29616.720000000005,5.541741670914606,1.426921214650162,-5.338981184123032
10002,0,0,3,9,0,0,1,24,0,1,0,7,3,2,2,2,0,1,48,0,2,0,0,3,0,0,5,3,0,0,1,0,0,0,0,3,0,1,0,0,0,1,29,0,0,0,0,0,41,2,0,0,8,52,0,1.75,74993,85369.8,35724,18.55043364287905,7.487083333333336,365240.4610000002,6.572399086019121,1.4535635256549944,-4.6527509688101665
11103,0,0,6,5,0,0,0,14,0,0,0,2,4,0,3,3,2,0,44,0,3,0,0,4,0,0,5,5,1,0,0,0,0,0,6,0,0,0,0,0,0,1,26,0,0,0,0,0,35,1,0,0,5,50,0,1.7894736842105263,36140,50794.4,18016,11.095090779288045,7.63617224880383,216753.55781818187,5.377464568480865,1.4509749176245073,-5.117690995665355
11414,0,0,3,3,0,0,0,5,0,0,0,1,2,0,2,1,1,0,27,0,0,0,0,1,0,0,2,2,0,0,1,0,0,0,4,1,0,0,0,0,1,1,21,0,0,0,0,0,19,0,0,0,1,35,1,1.7741935483870968,29219,12637.7,11409,7.038577489950871,7.403661726242372,52736.780540540545,6.245006222960294,1.4286287249464513,-4.037568238623932
11201,0,0,3,8,0,0,1,19,0,0,0,6,7,1,5,1,2,1,47,0,2,0,0,2,0,2,6,5,0,0,0,0,0,0,0,1,0,0,0,0,0,0,24,0,1,0,0,0,39,1,0,0,5,53,0,1.9583333333333333,62823,44643.3,30741,7.327434477903293,7.819827586206896,178265.3151724138,6.2546905091729545,1.384568735152421,-4.793386018271307
11426,0,0,0,2,0,0,0,3,0,0,0,2,1,0,1,3,0,0,18,0,1,0,0,4,0,0,1,1,0,0,2,0,0,0,3,1,0,1,0,0,0,0,11,0,0,0,0,0,17,3,0,0,0,27,1,1.5833333333333333,20801,15418.1,6584,6.111280024323503,6.79702380952381,66187.70071428573,5.225554642987695,1.4569525119259035,-4.717201698469133
10309,0,0,8,4,0,0,0,9,0,1,0,5,3,3,2,1,0,1,36,0,4,0,1,5,0,2,2,8,1,0,1,0,0,0,2,1,0,2,0,0,0,1,24,0,1,1,0,0,30,1,0,0,1,45,1,1.5483870967741935,33531,5037.6,11875,5.526532590259269,6.3978037062457105,20814.93446808511,5.396138897039593,1.418740954147166,-5.024086766014128
11361,0,0,6,9,0,0,0,14,0,2,0,1,6,0,3,4,2,0,43,0,3,0,0,1,0,1,3,4,1,0,2,0,0,0,0,2,0,2,0,0,0,0,30,0,0,0,0,0,32,1,0,0,4,53,0,1.6578947368421053,27246,15432.4,11086,7.9464878270285375,6.872991689750695,63976.774035087736,5.696622399463363,1.4220509163583124,-4.516039600862643
11239,0,0,6,5,0,0,0,5,0,1,0,5,1,3,1,4,0,0,21,0,5,0,1,2,1,1,1,8,1,0,1,0,0,0,1,4,0,0,0,0,0,0,17,0,2,0,0,0,25,0,0,0,0,37,0,1.6129032258064515,13244,21455.7,6962,18.425324675324678,6.102877070619006,81183.72972972975,6.825195893616747,1.33072450996508,-2.6661040050503897
10458,0,1,6,2,0,0,0,16,0,1,0,5,3,0,2,3,1,0,42,0,2,0,0,2,0,0,2,6,1,0,1,0,0,0,11,1,0,0,0,0,0,0,27,0,0,0,0,0,36,1,0,0,8,46,2,1.5833333333333333,83960,83517.6,29042,11.299068725686666,6.497321428571426,342720.437142857,5.912150740388256,1.4118576746795057,-5.425945033546313
10470,0,0,3,4,0,0,0,3,0,1,0,2,2,0,1,1,0,0,23,1,0,0,0,2,0,1,1,1,0,0,2,0,0,0,9,3,0,1,0,0,0,0,18,0,0,0,0,0,23,1,0,0,5,31,2,1.2857142857142858,15432,10792.2,6404,7.424772568229531,4.757142857142858,39931.14000000001,4.582547797425474,1.308332819650179,-5.061650757160091
11221,1,0,2,8,0,0,0,18,0,0,0,2,1,1,1,1,0,0,41,0,2,0,0,2,0,4,2,4,0,0,2,0,2,0,11,3,0,0,0,0,0,0,30,0,1,0,0,0,33,2,0,0,6,49,2,1.34375,83835,60603.8,34797,15.64412896536598,5.4740131578947375,246880.7431578948,5.0311256793287615,1.4045478014292412,-6.305480181043147
11434,0,0,1,1,0,0,0,4,0,2,0,1,4,0,3,0,0,0,24,0,0,0,0,2,0,0,3,0,0,0,1,0,0,0,1,1,0,0,0,0,0,0,18,0,1,0,0,0,16,0,0,0,3,27,0,1.2777777777777777,65791,20129.5,22575,6.468725384603019,4.8385185185185176,76223.70666666665,6.056471708416592,1.3314861246248955,-5.037766621426336
11212,0,0,3,0,0,0,0,9,0,0,0,5,4,0,3,3,1,0,37,0,5,0,0,4,0,0,4,7,1,0,1,0,0,0,8,3,0,0,0,0,0,2,24,0,3,0,0,0,30,1,0,0,3,44,3,1.4074074074074074,76527,49732.1,34885,16.212508098631805,5.680296296296297,200718.7556,4.966195652664082,1.3952541024913627,-6.27920324605793
10035,0,0,6,4,0,0,0,11,0,0,0,6,2,4,1,2,2,1,37,0,3,0,0,2,0,0,1,7,1,0,1,0,0,0,6,0,0,0,0,0,0,0,25,0,1,0,0,0,31,0,0,0,9,41,1,1.4166666666666667,35743,25093.7,15531,19.70679166251122,5.700000000000001,100965.24000000002,5.609687242778166,1.392159480572289,-4.87442248197604
11105,0,0,4,4,0,0,1,13,0,0,0,2,4,0,3,3,0,1,40,0,1,0,0,2,0,1,4,4,1,0,3,0,0,0,5,0,0,2,0,0,0,3,26,0,1,0,0,0,31,0,0,0,1,51,0,1.6764705882352942,37382,22221.8,17396,10.934436647331632,7.13789592760181,94613.58692307692,5.571642055571226,1.448727301693109,-4.957302528554897
11385,0,0,7,5,0,0,1,20,0,0,0,7,6,2,5,0,0,0,48,0,3,0,0,3,0,4,5,5,1,0,1,0,0,0,7,4,0,0,0,0,0,1,31,0,2,1,0,0,36,1,0,0,5,53,0,1.5609756097560976,106717,29513.3,38325,8.052753214043536,6.609924306139612,124973.55999999997,5.9919385726711445,1.4432611857265678,-5.585997177138658
10075,0,0,6,8,0,1,1,10,0,0,0,6,5,0,1,0,0,0,42,0,1,0,1,2,0,0,2,1,0,0,3,0,0,0,8,0,0,0,0,0,0,1,31,0,0,0,0,0,26,0,0,0,2,48,2,2.0294117647058822,21556,117012.2,12599,7.660449448033482,8.379128959276018,483125.3719230769,5.250560322372469,1.417997986303308,-4.727849156680919
11217,1,0,0,8,0,0,0,18,0,1,0,5,2,1,1,6,1,0,44,0,2,0,1,3,0,3,2,6,2,0,1,0,1,0,2,1,0,0,0,0,0,0,26,0,2,0,0,0,38,1,0,0,8,50,0,1.8979591836734693,41407,55210.7,19287,10.834373428214825,8.079415904292752,235026.2384482759,6.335390463008829,1.4485403858047146,-4.295814764637409
11101,0,0,11,11,0,0,0,21,0,1,0,4,3,1,1,5,1,0,55,0,3,0,0,1,0,2,1,7,0,0,4,0,0,0,3,2,0,0,0,0,1,0,40,0,0,1,0,0,45,0,0,0,7,66,1,1.66,30043,11539.2,16814,14.133227306092488,6.857594594594595,47669.37081081082,6.119346566083209,1.4185391356926191,-4.191038401652709
11693,0,0,2,2,0,0,0,4,0,0,0,8,2,0,1,1,0,0,29,0,1,0,0,2,0,0,1,1,0,0,4,0,0,0,4,1,0,0,0,0,0,0,22,0,1,0,0,0,24,1,0,0,10,33,1,1.5,12919,13101.5,5453,5.229593982938197,6.330681818181819,55294.28522727274,4.98376227584516,1.4399428344403993,-4.482692099115142
10307,1,0,1,1,0,1,0,3,0,0,0,7,3,0,2,0,0,1,26,0,1,0,1,2,0,0,3,3,1,0,1,0,0,0,6,1,0,0,0,0,0,1,18,0,0,0,0,0,23,0,0,0,7,31,1,1.8,15232,8280.8,5541,8.191067212243334,7.44923076923077,34269.77230769231,4.535627712948421,1.420324109706202,-5.0955260440827255
11691,0,1,3,0,0,0,0,8,0,0,0,4,2,0,1,0,1,0,33,0,2,0,0,4,0,1,2,3,0,0,2,0,0,0,7,0,0,0,1,0,1,1,25,0,2,1,0,0,27,3,0,0,8,35,4,1.125,67094,24372.6,22126,10.022319977463324,4.567021276595744,98942.38468085106,4.856342760236559,1.4010781573041275,-6.257507139947174
11364,0,0,3,0,0,0,1,4,0,0,0,2,2,0,2,0,0,0,28,0,0,0,0,3,0,1,3,1,0,0,3,0,0,0,3,1,0,0,0,0,0,1,20,0,0,0,0,0,22,2,0,0,4,33,2,1.5714285714285714,36806,14915.3,14231,6.999792175403958,6.217216117216118,59011.045897435906,4.9229710233652035,1.375337113239469,-5.590445130979936
10029,0,0,7,10,0,0,0,14,0,0,0,4,7,0,2,2,1,2,42,0,0,0,0,0,0,1,4,1,1,0,2,0,0,0,8,3,0,0,0,0,0,2,27,0,1,0,0,0,34,0,0,0,2,51,0,1.7058823529411764,79597,98058.8,34108,20.378645343367825,7.084239733629301,407221.5449056604,5.356764258120021,1.423790074980294,-5.9279674245600145
11373,0,0,6,3,0,0,0,12,0,0,0,12,2,3,2,3,0,0,38,0,3,0,0,2,0,0,2,5,2,0,0,0,0,0,5,2,0,0,0,0,0,0,27,0,6,2,0,0,33,1,0,0,1,51,0,1.6585365853658536,93967,61733.7,33886,10.657835609479712,6.761726078799248,251683.54615384614,6.949653617113648,1.405342556090585,-4.501045318671374
10007,0,0,4,8,0,0,0,20,0,0,0,6,4,3,0,3,0,0,44,0,3,0,0,2,0,0,0,4,0,0,2,0,0,0,1,3,0,1,0,0,0,0,24,0,1,0,0,0,38,0,0,0,5,50,1,1.959183673469388,7023,44029.0,3366,8.10330493126375,8.06064139941691,181147.88571428575,6.598971163931094,1.414465238086587,-2.257974592227926
11102,0,0,3,1,0,0,0,11,0,0,0,0,6,0,0,5,0,0,41,0,1,0,0,5,0,1,0,3,0,0,1,0,0,0,9,1,0,0,0,0,0,0,25,0,0,0,0,0,31,3,0,0,4,44,3,1.5416666666666667,30800,39056.5,16259,9.583717046217242,6.387336601307192,161816.44019607847,5.002102259058307,1.4214532918976857,-5.333167709903359
11436,0,0,0,0,0,0,1,1,0,2,0,1,0,0,0,1,0,0,13,0,0,0,0,1,0,1,1,0,1,0,0,0,0,0,5,1,0,0,0,0,0,0,10,0,0,0,0,0,10,0,0,0,6,10,3,1.2,20077,25310.9,6008,5.270992264958402,4.9389473684210525,104174.33578947368,4.064066202915839,1.4148306683848249,-5.843263957337739
11423,0,0,1,0,0,0,0,2,0,1,0,1,0,0,0,1,1,1,18,0,0,0,0,7,0,1,1,1,0,0,0,0,0,1,3,2,0,0,0,0,0,0,12,0,0,0,0,0,15,3,0,0,2,22,0,1.3333333333333333,31400,22185.5,10499,6.760026186206701,5.461111111111112,90868.11041666668,5.268072912634431,1.4099701968051754,-5.086490259261914
11363,0,0,0,1,0,1,0,2,0,0,0,2,2,0,1,2,0,0,12,0,2,0,0,1,0,0,4,4,0,0,1,0,0,0,1,0,0,0,0,0,0,1,10,0,0,0,0,0,21,0,0,0,8,12,9,1.8,6952,8081.9,2737,7.727689136575312,4.611724137931034,20706.385172413793,4.087424119377527,0.9408151217372395,-4.759360547567701
11427,0,0,1,0,0,0,1,2,0,1,0,1,1,0,1,0,0,0,16,0,1,0,1,3,0,0,1,1,0,0,1,0,0,0,4,0,0,0,0,0,0,0,10,0,0,0,0,0,16,2,0,0,3,17,5,1.4444444444444444,24037,15203.6,7983,6.5432214639117205,4.980444444444444,52422.012800000004,5.60697784538501,1.2377943528014466,-4.480371743463652
11207,0,1,3,2,0,1,0,13,0,1,0,2,1,0,1,0,1,1,39,0,0,0,0,6,0,4,1,3,0,0,2,0,0,0,9,0,0,0,0,0,1,1,30,0,1,0,0,0,29,4,0,0,1,50,2,1.2857142857142858,91972,34421.0,37265,12.630561447788846,5.215633423180592,139632.358490566,5.518740239037709,1.4003461145755407,-5.910499222844182
10466,0,0,4,2,0,0,0,4,0,0,0,1,4,0,4,1,0,1,34,0,2,0,0,3,0,1,5,2,0,0,1,0,0,0,8,0,0,1,0,0,0,2,24,0,0,0,0,0,25,1,0,0,2,42,1,1.380952380952381,72479,35994.6,25110,8.211434232764146,5.17089947089947,134779.77999999997,5.103923228519813,1.3202732600220963,-6.087128915192378
10280,0,1,1,2,0,1,0,2,0,0,0,2,0,0,0,1,1,0,17,0,0,0,0,4,0,0,2,2,0,0,1,0,0,0,0,1,0,1,0,0,1,0,11,0,0,0,0,0,20,1,0,0,3,18,8,1.8333333333333333,9384,81760.2,5234,5.360801676832859,4.937356321839081,220188.67655172417,4.79835209531103,0.9906942268591664,-4.3484092950222815
11219,0,0,5,1,0,0,1,10,0,0,0,0,3,0,2,1,1,0,36,0,2,0,1,0,0,2,3,3,0,0,3,0,0,0,12,0,0,1,0,0,0,0,26,0,0,0,0,0,29,0,0,0,12,32,6,1.4615384615384617,90036,60750.6,27060,22.00534419137295,5.773076923076924,239964.87,4.7535901911063645,1.3737155789130306,-6.654374678227365
10453,0,0,2,1,0,0,0,5,0,1,0,0,1,0,1,1,1,0,34,0,1,0,0,9,0,3,1,1,1,0,1,0,0,0,7,0,0,1,0,0,0,0,23,0,0,0,0,0,24,3,0,0,2,41,1,1.2777777777777777,79606,86902.9,28530,16.902077151335313,4.965909090909091,337736.27045454545,5.0885778959926755,1.3574739225843988,-6.196266849883527
10128,0,0,3,7,0,1,0,12,0,0,0,7,5,0,3,0,1,0,40,0,2,0,0,2,0,3,4,4,0,0,2,0,0,0,3,1,0,1,0,0,0,1,22,0,0,0,0,0,33,2,0,0,5,46,1,2.051282051282051,59256,127237.0,34790,8.967634418033505,8.599605522682449,533416.6538461541,5.358851486531748,1.4332513442076622,-5.630770833161377
11210,0,0,4,1,0,0,0,10,0,1,0,4,2,2,1,2,3,0,37,0,4,0,1,4,0,1,1,6,2,0,0,0,0,0,6,0,0,0,0,0,0,1,27,0,3,0,0,0,30,1,0,0,8,43,0,1.2727272727272727,67040,40836.5,24128,9.455235204855844,5.198217468805705,166789.0774509804,5.776315911895095,1.4071537155426006,-5.33672882326087
10033,0,0,6,10,0,0,0,15,0,0,0,3,2,1,2,3,3,1,41,0,2,0,0,4,0,4,2,4,1,0,2,0,0,0,8,1,0,2,0,0,0,0,29,0,1,0,0,0,33,2,0,0,5,50,0,1.5142857142857142,59607,99980.2,20794,8.45872999624663,6.293922077922079,415554.0676363637,5.8738065036397495,1.4246405661282395,-5.121721792181449
10469,0,0,5,0,0,0,0,6,0,1,0,2,4,0,4,0,0,2,35,0,1,0,1,3,1,2,5,4,0,0,3,0,0,0,8,0,0,0,0,0,0,1,25,0,0,1,0,0,25,2,0,0,2,40,3,1.4137931034482758,73870,29873.7,23659,6.89530572487903,5.966206896551723,126067.014,5.546218568987973,1.4398351280479205,-5.66384350153481
11370,0,0,1,1,0,0,0,2,0,0,0,2,4,1,2,1,0,0,24,0,1,1,0,1,0,1,2,5,0,0,3,0,0,0,6,2,0,0,0,0,0,1,19,0,1,0,0,0,20,0,0,0,2,29,7,1.4736842105263157,32514,21817.0,10406,10.313680911855974,5.836565096952908,86406.80263157895,5.496952498833515,1.3763769244625446,-4.892473545960654
11435,0,0,3,2,0,0,0,8,0,0,0,1,1,0,0,2,4,0,30,0,1,0,0,2,0,1,0,3,2,0,2,0,0,0,6,1,0,0,0,0,0,0,24,0,1,0,0,0,20,0,0,0,6,35,0,1.380952380952381,59296,38792.2,19742,6.137065817807321,5.800000000000002,162927.24000000002,5.318239546716616,1.435084525289323,-5.67205758236847
11236,0,0,7,1,0,0,0,9,0,1,0,5,3,0,3,1,0,1,35,0,1,0,0,2,0,3,3,2,0,0,0,0,0,0,10,0,0,0,0,0,0,0,27,0,3,0,0,0,29,0,0,0,7,40,1,1.2857142857142858,100331,27877.3,35587,7.650475106769718,5.148214285714285,111625.35541666666,5.088239132709039,1.3873354856283011,-6.42799086626949
10471,0,1,4,7,0,0,0,7,0,0,0,0,1,0,0,1,1,0,35,0,2,0,0,7,0,0,0,2,0,0,3,0,0,0,9,1,0,1,0,0,0,0,22,0,0,0,0,0,24,3,0,0,7,35,2,1.5652173913043481,21896,8515.1,9668,4.031175983291913,6.3924901185770775,34776.442500000005,4.855928904335275,1.4070991598712523,-5.138130346385241
10303,0,0,3,3,0,0,0,7,0,3,0,0,3,2,1,0,0,0,32,0,2,0,1,4,0,2,1,3,0,0,1,0,0,0,4,0,0,0,0,0,0,0,22,0,0,0,0,0,29,1,0,0,2,40,3,1.28,25947,8253.8,9175,5.326257233287509,5.105777777777779,32923.491111111114,5.5397809651982035,1.383512718158014,-4.624030309776418
10454,0,0,4,4,0,0,1,8,0,0,0,2,2,0,2,0,1,0,32,0,2,0,0,3,0,2,2,6,0,0,1,0,0,0,5,0,0,1,0,0,0,1,25,0,1,0,0,0,28,0,0,0,6,37,5,1.4347826086956519,38203,36451.7,13942,20.34138729963591,6.014130434782607,152793.37583333332,5.274707500908903,1.4330984273176932,-5.275961824633542
11226,0,0,8,2,0,0,0,12,0,1,0,6,8,2,4,4,0,0,42,0,1,0,0,2,0,1,5,2,0,0,0,0,0,0,6,1,0,0,0,0,0,2,28,0,1,0,0,0,33,1,0,0,7,45,0,1.5555555555555556,100277,77771.1,40323,11.150388073464997,6.276068376068374,313776.47653846146,5.632727037982901,1.3949109773807693,-5.882964597607286
10001,1,0,3,9,0,0,1,22,0,0,0,12,5,1,1,3,0,0,49,0,2,0,0,1,0,0,2,5,1,0,0,0,0,0,0,1,0,1,0,0,0,0,24,0,1,0,0,0,41,1,0,0,2,60,0,1.9814814814814812,22924,37306.6,14141,3.8790863701059575,8.223148148148148,154822.39,7.535115848035701,1.423108334242607,-2.504823827635928
10452,0,0,2,3,0,0,0,7,0,1,0,3,3,0,3,3,0,0,35,0,2,0,0,3,0,0,3,3,0,0,3,0,0,0,10,1,0,0,0,0,0,1,28,0,0,0,0,0,27,1,0,0,1,45,3,1.3636363636363635,76078,76975.8,27121,8.416734448491708,5.117810760667904,288894.8902040817,5.05520535786207,1.322571833499649,-6.1843090508938925
11365,0,0,2,2,0,0,0,4,0,1,0,1,3,1,2,1,0,1,29,0,0,1,0,1,0,0,2,0,0,0,0,0,0,0,6,0,0,0,0,0,0,1,21,0,1,1,0,0,18,1,0,0,3,33,2,1.5,44983,18002.2,16238,9.954424439330355,6.110526315789475,73335.27789473686,5.73103919121551,1.4045478014292412,-4.983000728383168
10016,0,0,1,14,0,0,0,21,0,0,0,6,5,0,1,0,2,1,51,0,1,0,0,4,0,0,2,1,0,0,3,0,0,0,1,1,0,0,0,0,1,0,22,0,0,0,0,0,39,3,0,0,1,58,0,2.022727272727273,51057,95951.4,34638,6.630542545553999,8.454314329738057,401044.32610169484,5.943688698854664,1.4302301468245242,-4.897009235808123
10467,0,1,7,1,0,0,1,14,0,0,0,1,5,0,3,4,5,2,39,0,1,0,0,1,0,1,3,2,2,0,4,0,0,0,15,1,0,0,0,0,2,0,32,0,0,0,0,0,32,1,0,0,3,50,1,1.2333333333333334,103732,44413.5,38530,9.061191408888288,5.033827160493828,181272.8777777778,5.450879483690157,1.406460030714485,-6.098686445375063
11004,0,0,2,0,0,0,0,1,0,0,0,4,4,0,2,0,0,0,24,0,0,0,0,2,0,0,2,0,0,0,2,0,0,0,2,1,0,0,0,0,0,1,15,0,1,0,0,0,17,1,0,1,1,30,0,1.4210526315789471,15234,16044.7,5359,5.652028449010867,5.688794567062819,64230.55709677421,5.375875600893911,1.3871004877254154,-4.255409450038822
10025,0,0,6,7,0,0,0,19,0,0,0,5,8,0,3,0,0,0,51,0,2,0,0,2,0,1,6,2,0,0,3,0,0,0,4,1,0,0,0,0,0,1,26,0,0,0,0,0,39,1,0,0,2,57,0,1.7826086956521738,92805,123470.6,48359,11.886419178401024,7.224097273397201,500369.83830508485,5.5542069999801305,1.3993444305585598,-5.884048796653069
10461,0,0,13,2,0,0,0,19,0,1,0,4,7,0,6,1,0,1,49,0,1,0,1,2,0,1,6,4,0,0,1,0,0,0,9,0,0,0,0,0,1,0,34,0,0,0,0,0,39,0,0,0,4,54,1,1.6341463414634143,50348,21026.2,20277,7.968275277326362,6.558743282348077,84389.90101694917,5.743166147151487,1.3896784591041313,-5.083548028259909
11375,0,0,3,7,0,0,0,14,0,1,0,2,5,1,5,4,1,0,38,0,3,0,0,2,0,1,5,4,1,0,0,0,0,0,1,0,0,0,0,0,0,0,25,0,1,0,0,0,29,1,0,0,3,45,0,1.805555555555556,73488,36942.9,35281,4.905515134960642,7.4629629629629655,152697.32,5.849444849587395,1.4190841839428816,-5.3554325569781795
10308,0,0,4,6,0,1,0,5,0,1,0,3,4,0,2,0,0,0,31,0,0,0,0,1,0,1,2,0,0,0,2,0,0,0,5,1,0,0,0,0,0,0,24,0,1,0,0,0,23,0,0,0,7,36,0,1.7777777777777777,30186,15330.9,11294,5.257388546555559,7.570025839793277,65281.1113953488,5.100008221514616,1.448832335986902,-5.2151252982047565
11419,0,0,0,1,0,0,0,2,0,0,0,2,3,0,2,3,0,0,20,0,1,0,0,2,0,0,2,3,0,0,0,0,0,0,5,1,0,0,0,0,0,0,15,0,0,0,0,0,14,1,0,0,3,24,1,1.631578947368421,49618,44324.6,13338,6.792979882057503,6.532142857142857,177456.7021428571,5.53578638800689,1.3871868199029103,-5.276322562098487
10026,0,0,4,9,0,1,1,12,0,0,0,4,2,0,2,2,1,0,36,0,0,0,0,2,0,3,2,1,0,0,2,0,0,0,3,0,0,1,0,0,0,0,23,0,0,0,0,0,29,1,0,0,5,45,1,1.9,39363,118443.8,17091,14.180422525643639,7.801176470588236,486316.3082352942,5.789780266246233,1.4124206657121108,-4.790801301527592
10034,0,0,3,6,0,0,0,15,0,0,0,2,2,0,1,1,3,0,35,0,2,0,0,3,0,0,2,2,1,0,4,0,0,0,7,0,0,1,0,0,0,0,24,0,0,0,0,0,28,2,0,0,2,45,2,1.6666666666666667,42910,39355.3,16650,6.261422618612473,7.047619047619048,166416.69714285716,5.622173915827036,1.4418642122747014,-5.044686262158535
10039,0,1,1,1,0,0,0,3,0,0,0,2,2,0,0,2,1,1,31,0,0,0,0,6,0,1,2,0,0,0,2,0,0,0,8,2,0,0,0,0,0,1,20,0,0,0,0,0,23,1,0,0,1,36,5,1.5,27726,63397.4,11939,11.57289486293597,5.964285714285715,252080.13809523813,4.891780255478537,1.380324194133387,-5.338345624619785
11225,0,1,5,8,0,0,1,15,0,0,0,1,3,0,2,2,2,0,40,0,1,0,0,4,0,3,3,1,0,1,3,0,1,0,5,1,0,0,0,0,0,1,26,0,0,0,0,0,34,1,0,0,6,43,3,1.5,58882,66617.0,25461,13.894955425870895,6.403846153846152,284403.34615384607,5.031945080683007,1.4514336632908518,-5.951345639534177
10312,0,0,5,4,0,0,0,9,0,2,1,1,4,0,4,0,1,0,32,0,1,0,1,4,0,0,4,2,0,0,2,0,0,0,5,1,0,0,0,0,0,0,20,0,0,0,0,0,21,1,0,0,2,36,0,1.7272727272727273,61741,8143.6,22465,5.448960700159891,6.9727272727272736,32874.42736842106,5.320181850244775,1.39546272920677,-5.710521644635178
11230,0,0,8,1,0,0,0,11,0,1,0,1,3,0,1,2,0,0,37,0,2,0,0,5,0,1,1,5,0,0,1,0,1,0,5,1,0,0,0,1,0,0,23,0,0,0,0,0,30,2,0,0,13,32,2,1.4814814814814814,89075,48393.7,32611,15.554792999737591,6.020488573680063,196663.75957446807,5.9798548615635925,1.4021258263365712,-5.4173791289104445
10027,0,0,2,8,0,0,1,15,0,1,0,4,4,2,3,3,1,0,41,0,5,0,0,2,1,0,4,6,2,0,0,0,0,0,3,4,0,0,0,0,0,0,26,0,1,1,0,0,31,1,0,0,3,52,0,1.775,64548,74280.2,26506,14.945893782664326,7.3323636363636355,306844.75345454545,6.462007803456093,1.4184975016145254,-4.61315660860515
10464,0,0,2,8,0,0,0,2,0,0,0,0,1,0,0,0,0,0,26,0,1,0,0,1,0,1,0,3,0,0,1,0,0,0,1,1,0,0,0,0,0,0,21,0,0,0,0,0,19,0,0,0,9,29,2,1.8,4434,1277.0,2157,5.695924597011727,7.600499999999998,5392.132499999998,6.662366118720607,1.4404273696998178,-1.7346912714556493
11223,0,0,8,3,0,0,0,16,0,2,0,4,5,0,4,3,0,1,46,0,2,0,0,2,0,3,4,4,0,0,1,0,1,0,5,0,0,2,0,0,0,0,32,0,0,0,0,0,34,1,0,0,12,45,1,1.5517241379310345,81789,39441.7,30438,15.01157499800431,6.450356718192628,163955.06672413793,5.213904491404056,1.424768774640706,-6.097993547816671
10468,0,1,7,1,0,0,0,7,0,1,0,3,3,1,1,2,1,0,37,0,3,0,0,6,0,0,3,5,0,0,0,0,0,0,11,1,0,0,0,0,1,2,25,0,0,0,0,0,26,3,0,0,3,41,2,1.4230769230769231,78647,73450.8,27515,5.382011873716917,5.692307692307693,293803.20000000007,5.794139697331677,1.3862943611198908,-5.478585066752751
11368,0,0,4,1,0,0,0,8,0,0,0,1,2,0,1,2,0,0,31,0,2,0,0,1,0,0,1,4,0,0,4,0,0,0,11,1,0,0,0,0,0,1,24,0,0,0,0,0,25,0,0,0,1,41,1,1.5185185185185186,112425,42754.6,30734,10.488808394196507,6.257708871662359,176188.7237209302,5.543085869125148,1.416078922477418,-6.08695574251376
10014,0,0,2,13,0,0,1,19,0,0,0,10,2,0,2,2,0,0,41,0,1,0,0,1,0,0,2,2,0,0,1,0,0,0,1,0,0,0,0,0,0,0,25,0,4,0,0,0,39,1,0,0,3,55,0,2.1702127659574466,30738,55916.6,21531,8.602617672846186,9.477842993396917,244201.28931034482,6.1287496615572685,1.4741315464612101,-4.204505291609989
11416,0,1,1,0,0,0,0,3,0,0,0,1,2,1,2,2,1,0,28,0,0,0,0,6,0,1,2,1,0,0,2,0,0,0,10,2,0,0,0,0,0,0,19,0,0,1,0,0,22,2,0,0,1,34,2,1.4444444444444444,27125,40992.1,7768,7.780791864929367,5.773873873873873,163857.6105405405,5.711679141677626,1.3856184570725296,-4.496531949165135
